threshold,route_to_char_rate,accuracy,precision,recall,f1,true_positive,false_positive,true_negative,false_negative,false_positive_rate,false_negative_rate
0.0,0.263875,0.978161,1.0,0.923563,0.960263,2924,0,7915,242,0.0,0.076437
0.005,0.263875,0.978161,1.0,0.923563,0.960263,2924,0,7915,242,0.0,0.076437
0.01,0.264687,0.978973,1.0,0.926406,0.961797,2933,0,7915,233,0.0,0.073594
0.02,0.267575,0.981861,1.0,0.936513,0.967216,2965,0,7915,201,0.0,0.063487
0.05,0.271456,0.984839,0.998338,0.948515,0.972789,3003,5,7910,163,0.000632,0.051485
0.1,0.273531,0.986012,0.996701,0.954201,0.974988,3021,10,7905,145,0.001263,0.045799
